Mercury,Venus,Mars
5.810697032198461,2.6001730711627644,4.900091835874098
5.832778068810779,2.6004807247891675,4.9103665850932146
5.875755270601388,2.6112257658042513,4.9008264609145265
5.930337258537663,2.622308143601739,4.911466176204413
6.004706487414685,2.643198819612327,4.922286054263811
6.089745479082028,2.644844040770646,4.933284909672255
6.185402169624866,2.66608326951729,4.944461548035337
6.299603162104739,2.6874523251585325,4.95581476651418
6.423994084679717,2.709778588741153,4.967343354349486
6.547526250424659,2.732398214023717,4.988436628844753
6.698805863734222,2.7542694131112166,5.010229535660018
6.850087590680866,2.7851391347650836,5.0222106686199455
7.009172561722247,2.828161947272469,5.044333454481374
7.176210699247897,2.85910825258506,5.066616227819116
7.34343924874442,2.8924902765610123,5.098166337027461
7.528113973632439,2.9321834867552194,5.120703076726868
7.703401845937937,2.964456105257759,5.1524072044045575
7.887160452279387,3.015327511233232,5.175190817738029
8.081447890075145,3.0562885989382615,5.207043306906521
8.25620372810652,3.0972568508278417,5.240009541976046
8.452366532516203,3.1481423093627763,5.272001517450465
8.64020833082166,3.1977023000898637,5.304045625746445
8.83056623326047,3.247275781328096,5.346073325348241
9.024040115159064,3.2981509971497665,5.378215317370624
9.20150531163244,3.3477305745833243,5.420332093147062
9.393215636830659,3.3973224751265527,5.462490274590885
9.57146801697629,3.4556186132152957,5.504688910374499
9.755665020899395,3.514000569151918,5.545637925432925
9.946200279503726,3.57246413557925,5.577974542788806
10.115478238817975,3.6310053704173995,5.628854235099715
10.292570135782412,3.688604072003391,5.6711550851656325
10.448564494704524,3.7364287762514623,5.731954291513498
10.61588432491613,3.805220098759072,5.772936860905376
10.783436372511316,3.8624603557836035,5.825195275696773
10.929798717268312,3.9200127550812893,5.874725525503298
11.080622726182856,3.988483421051165,5.925622330186087
11.230538722608102,4.056525606969591,5.966615456018596
11.36827603465011,4.114389383614536,6.02605177541647
11.506454710291958,4.182690521661864,6.086854688589173
11.631766847732118,4.241426646778181,6.136391447748424
11.757299860086924,4.310568407994473,6.1859356608357965
11.862015005891706,4.370102973615152,6.255309744529043
11.982069938036583,4.450044943593267,6.304871132703664
12.087170884867971,4.510709478563212,6.364353855655733
12.181219150807525,4.581844606705906,6.412643760571766
12.267619981072125,4.6438884568861045,6.482075284968543
12.354209808806067,4.7166301529799854,6.540351672502022
12.43481001061134,4.780721702839436,6.598674109243462
12.499619994223822,4.845719760778579,6.668163165370206
12.554983074460914,4.92061987964931,6.7253847473583255
12.622428450975667,4.988236161209692,6.7838410948370536
12.667284634048452,5.066853066746657,6.842338781440158
12.711085712872839,5.126646077115135,6.909739503049301
12.738590973887183,5.195882985595422,6.977248741445298
12.759717865219434,5.269013190342191,7.044863376957711
12.786406844770738,5.33348853940833,7.112580403763462
12.79585089003463,5.4089740247111555,7.170439317085112
12.798535072421373,5.487604213133451,7.238349259327018
12.792079580740577,5.54585430749853,7.30468342914325
12.785042041385706,5.629369414064065,7.372848838813935
12.768907549199344,5.70221886637123,7.440356174270154
12.747960621213105,5.769332717047961,7.508029035639114
12.704239449884437,5.844801108677694,7.5752227690015825
12.664422608236036,5.9082315459027175,7.653241143463337
12.618862864775098,5.979908026048561,7.711446038195431
12.567020331009255,6.056277734714615,7.779286599682518
12.496019366182177,6.121478579559026,7.8569332439572115
12.42800466688036,6.195264320430566,7.925679781570789
12.357592807662826,6.276535668663088,7.993910182132397
12.265284342403154,6.340859563182265,8.06248100772957
12.178751988607043,6.410896973123185,8.131383646096156
12.073827065185254,6.482846596981915,8.200609733428365
11.96930240239589,6.547648432834494,8.280150964807346
11.859080908738248,6.627827698424274,8.35
11.749404240215755,6.701193923473637,8.420148454748288
11.630619072087265,6.763083616221228,8.50071173490785
11.491918899818254,6.8405409142844835,8.561687917694734
11.363318177363514,6.907966415668217,8.643060800434068
11.22223685367583,6.989628030160117,8.705170877128147
11.079842056636007,7.053410522577004,8.787377310665567
10.935227478200899,7.128113354878694,8.85996049652593
10.76666150670671,7.191244676688452,8.934002462502459
10.61256330958737,7.270557062564052,8.997444081515594
10.454109239911357,7.344120097057238,9.07260161144531
10.278934769712277,7.418382573041107,9.147595312430475
10.105543033404984,7.4827601859207,9.223892887496037
9.935642908236991,7.554634339264872,9.299849461147206
9.756254404227064,7.629397092824569,9.367283490959373
9.566530196471446,7.693432263950855,9.446322035586126
9.384433920061456,7.766208856321082,9.524898949595215
9.203151634087098,7.834858007647618,9.595332198522364
9.009245251407025,7.906263339909696,9.666462641525078
8.829496021857645,7.980689193296529,9.7467635654098
8.635392289873112,8.050621094052307,9.820641526906478
8.439721559388081,8.116606433725858,9.893760660133234
8.25556781814552,8.186678203032045,9.96917749867059
8.059832504463104,8.252223942671455,10.045382023596714
7.887673928351755,8.328649350284834,10.120523701864444
7.7023762567145475,8.394200378832995,10.198166501876697
7.509174388706124,8.462860036654275,10.268748706634124
7.341621074394946,8.542815695073845,10.338167148967946
7.1693793315739685,8.59825563704639,10.420259113860848
7.00600456751207,8.670784278253034,10.491201075186767
6.84477172738434,8.7412870905834,10.565192852002276
6.68861719640166,8.810187285182987,10.642480913771939
6.549694649371069,8.87392810428392,10.718255455063572
6.4128386850130585,8.941017839150081,10.794850624255993
6.298507759779295,9.020338131134553,10.862619389447465
6.184407813202489,9.085444402999778,10.94640123510919
6.083165294482799,9.145239198621324,11.01884295196188
6.000074999531256,9.217819698822494,11.089283114791506
5.92663479556485,9.28476709454793,11.166615422767991
5.876495554324873,9.351604140467025,11.241908201012851
5.83191220784401,9.418810965297052,11.318113800452796
5.806281081725204,9.4805274114893,11.392436087158883
5.8048428057958645,9.54899471148665,11.461208487764281
5.80904467188883,9.615258706867953,11.547281065255147
5.836925560601232,9.685540769621488,11.612277984960574
5.879115579744967,9.74766638739755,11.696978242264112
5.92602733709523,9.804172581100355,11.767909754922496
6.014790104400983,9.884260215109677,11.845442161439141
6.095088186400587,9.94871851044143,11.918745739380467
6.192204776975645,10.015413121783844,11.980070951375872
6.305695837891327,10.066429357026255,12.068989187168908
6.41942365014181,10.131317782006445,12.136828251235986
6.571240369975824,10.20811931748449,12.210589666351089
6.704103221162395,10.260458079442651,12.289589089957401
6.852714790504563,10.326301370771628,12.361120499372216
7.017100540821686,10.386592318946576,12.43842835731267
7.184719897114988,10.461381361942598,12.503539498877908
7.3589197576818295,10.520118820621752,12.583437527162442
7.527283706623526,10.573447876638916,12.655884007053794
7.712288895003869,10.641287516085635,12.729685777740158
7.895600040528902,10.703574169407151,12.804819405208338
8.074280153673145,10.761133769264278,12.877829786109148
8.271033792700887,10.823423672757155,12.95569372901351
8.454850678752404,10.880445762927177,13.02635021792367
8.64872244900945,10.951976990479846,13.089938884502097
8.840118777482575,11.008274160830116,13.168811639627927
9.02498753461743,11.061175344419777,13.24915469001702
9.217863092929944,11.128791488746655,13.317034204356466
9.396701548947908,11.19144762754131,13.392034946190963
9.585405573057407,11.249199971553534,13.454590294765575
9.770286587403668,11.302123694244369,13.538496962366244
9.948311414506483,11.372356835766277,13.60401778887399
10.120523701864444,11.422399047485602,13.669107505612793
10.29619832753818,11.486757592985064,13.751585363149953
10.460019120441416,11.540264295067077,13.826127440465749
10.631034756786377,11.602262710350944,13.88975521742554
10.787126586816344,11.656264410178759,13.961249944041542
10.947205122769919,11.710017079406844,14.040833308603872
11.087691373771188,11.76904838973823,14.108015452217227
11.236302772709536,11.824330847874648,14.176861429808786
11.372528302888501,11.880269357215768,14.24734712148195
11.511463851309268,11.937143711960578,14.319448313395316
11.639420088647027,11.994352837898342,14.38591672435233
11.756806539192521,12.044571391294918,14.461096085705261
11.886096920351946,12.108848004661716,14.531046073837905
11.984010180235998,12.156257647812506,14.59567059096635
12.081378232635545,12.209021254793521,14.669321729377947
12.184719939333855,12.25899261766643,14.73758799804093
12.272200291716235,12.314422438750425,14.807599400307938
12.357750604377804,12.367416868529983,14.879331302178871
12.432537954898832,12.419585339293741,14.946173423321437
12.49701564374471,12.47592882313778,15.014849316593224
12.57403674243081,12.537962354385979,15.085333937304801
12.61885097780301,12.577328810204495,15.159013820166534
12.66327761679416,12.636332537568011,15.219135980731627
12.707745669472615,12.686827814706087,15.296787244385666
12.743096170083627,12.74278227076018,15.360550120357017
12.769592789122132,12.790699746300042,15.428068576461538
12.789671614236232,12.837959339396585,15.497590135243607
12.799316387995102,12.883574814468226,15.569087963011834
12.795905595150348,12.94111664424674,15.628617981126803
12.792443081757293,12.984005545285322,15.690127469208146
12.782378495413129,13.034880129866941,15.76193516037926
12.765555217067527,13.083734176449779,15.827393973740591
12.731900879287428,13.130133281882557,15.897899232288522
12.701275526497328,13.176835735486726,15.962070667679678
12.663751418912168,13.224314727047295,16.028287494302063
12.618113963663507,13.27798930561401,16.096524469586598
12.554971127007821,13.320183932663992,16.161822298243475
12.494578824434221,13.372359552449971,16.220530200952126
12.423948647672365,13.417320895022225,16.29007673401203
12.34577255581845,13.459468785951398,16.357105489664118
12.265700143081926,13.498473987825438,16.41750590071464
12.165677128709277,13.54874532936537,16.48448967969588
12.077392102602284,13.595973668700598,16.549078524195842
11.972518532038277,13.63646948443768,16.611553208535316
11.856293687320672,13.680036549658777,16.676318538574392
11.74731033045437,13.72363290094864,16.743347932835892
11.618648802679251,13.773227653676535,16.807313884139845
11.49083983005594,13.813942232396949,16.86558922777381
11.364338960097943,13.851516162500046,16.935468697381836
11.220383237661716,13.895502869633757,16.99838227596968
11.070794912742265,13.936032433946187,17.054178373642046
10.921158363470424,13.971184631232957,17.118177473083986
10.76398625045573,14.014353356469933,17.175147743178222
10.609071589917752,14.060910354596533,17.24708091243269
10.436129550748209,14.095481545516636,17.30556557873796
10.27214680580452,14.135377603728879,17.359907833856724
10.094577752437196,14.171877081036232,17.42321439918593
9.925734229768597,14.2148689758295,17.48204221479859
9.741663102366044,14.254297597566847,17.54748130074513
9.556217871103609,14.290055983095376,17.6083275753264
9.376331905388163,14.332543389084858,17.669119955447698
9.193704367663775,14.371708318776859,17.7346694358818
9.007602344686404,14.407515399957065,17.79057053610142
8.816989282062215,14.440782527273237,17.84887951665314
8.621937137325926,14.478953691479228,17.90766595623226
8.435069649979187,14.505895353269304,17.95920376854163
8.247678461239866,14.548254190795541,18.02479680884087
8.062009675012801,14.588899889984852,18.081261017971066
7.874426963278026,14.624722219584207,18.140201211673478
7.688016649305593,14.649590437961056,18.200266481565592
7.5124696338820565,14.68891078330861,18.25427347225849
7.3271890926875916,14.7178802821602,18.309560344257314
7.170160388722137,14.75390456794404,18.377382838696047
6.997092253214902,14.784431000210997,18.42700463992995
6.841410673245686,14.815279275126741,18.49082204770788
6.683300083042807,14.846582098247394,18.535708780621256
6.544875858257359,14.88194207756501,18.603260466918158
6.412253893912809,14.911485506145924,18.65390039643184
6.28322369488784,14.943992103852304,18.70668329768802
6.176544341296354,14.9689177965543,18.761942863147198
6.082047352660122,15.001016632215297,18.820066418586308
5.994147145341029,15.026792738305803,18.88076534465698
5.927174706384147,15.059458821617726,18.924227857431855
5.86747816357249,15.090261760486463,18.980129082806574
5.824448471743914,15.105767110610438,19.02899366755899
5.809414772591126,15.142080438301734,19.090573590125572
5.7958088305257265,15.163314281515108,19.144871375906394
5.805170109479997,15.186089029108187,19.192691317269706
5.844056810127705,15.227320841172292,19.25154019812441
5.877286788986905,15.248006427071049,19.304924242275597
5.939764305088207,15.277607797034195,19.350090439065134
6.0105573784799695,15.29832997421614,19.40909322972096
6.089113235931814,15.318544317264612,19.451118219783663
6.203458712686013,15.34609070740819,19.514266576020734
6.303657668370007,15.366795371839894,19.553621148012457
6.432363484754262,15.38774187462215,19.612266569675214
6.567450037876192,15.415712763281494,19.667353660317396
6.716703060281882,15.443849908620583,19.711684352180562
6.872124853347761,15.464979793067949,19.76279332483139
7.020199427366719,15.479111731620778,19.804951401101697
7.196033629715749,15.508078539909448,19.859650047269213
7.3569694847810805,15.516317217690542,19.9098493213786
7.539363368348816,15.538037199080199,19.950822038201835
7.722072260734161,15.56100896471691,20.006931298927384
7.905453813665601,15.583147948986431,20.053600674193152
8.097067370350823,15.60692474512516,20.10304703272616
8.276243109044103,15.624368787250255,20.14874934083999
8.464986709971848,15.632175152549948,20.197487467504466
8.66330768240399,15.655759323648278,20.24597737823492
8.844258024277673,15.673062878710084,20.291192670713077
9.037034911960891,15.688865478421311,20.335970593999196
9.220721229925564,15.707488659871762,20.387152817399492
9.410047821345012,15.724554047730575,20.432058144004973
9.597541351825477,15.73976175169116,20.46697339618147
9.772108267922535,15.74906346421907,20.517943366721724
9.957369130448061,15.771483760255405,20.57194691807268
10.126253008887344,15.78628835413822,20.602456164253816
10.299131031305507,15.79558482614683,20.653292715690636
10.46859111819733,15.809320035978777,20.69820523620345
10.631354570326398,15.817069892998513,20.72836221219612
10.796684676325414,15.836113790952627,20.779393638891392
10.947620746079945,15.853037563823534,20.82000960614572
11.098468362796734,15.855774973176176,20.85965004500315
11.241072012935422,15.868096924332166,20.906386584008246
11.37634827174344,15.876126731668526,20.94742227578372
11.517855703211426,15.891736846550158,20.991507806729846
11.644075746919547,15.904983495747489,21.03862400443527
11.768024473122072,15.905813402652504,21.071824790463687
11.88024410523622,15.914009551335578,21.11667113917343
11.986901184209371,15.928954767968927,21.159085518991603
12.094978296797393,15.932068290087134,21.19348248872752
12.192805255559525,15.942286536127746,21.23367372830241
12.279759769637188,15.950153604276041,21.28267370421301
12.358580015519582,15.955528822323627,21.312794279493247
12.438142948205732,15.9685753904348,21.354121382065802
12.510143884064643,15.968625488751371,21.39060775200181
12.57433099612063,15.976848875795252,21.430289312092828
12.621129109552758,15.971753191180987,21.459079663396565
12.67048933545978,15.983904404118539,21.50508079501214
12.713614749550972,15.985124334830806,21.54662386546904
12.740117738859402,15.984320442233383,21.57733301406826
12.76812437282783,15.987426309447061,21.61871642813236
12.781549201876901,15.992198097822575,21.648447981321894
12.793846176971178,15.990400245147086,21.681957937418844
12.80482721476553,15.998428047780193,21.718243483302235
12.79189196327111,15.992060530150578,21.75082986922568
12.772736590096892,15.993126648657542,21.779550041265775
12.761022686289683,15.995405590356249,21.82571877396023
12.732921895621601,16.002212347047514,21.86103840168623
12.699421246655298,15.994302110439206,21.892886972713306
12.67009471156392,16.003077828967776,21.93403063734525
12.60831868252068,15.996805931185138,21.964937969409338
12.55549680418899,15.992951572489675,21.992616942965203
12.499999999999998,15.996905950839366,22.03009759397357
12.42045087748428,15.990528446552352,22.05673139882698
12.34719806271852,15.991378927409606,22.086602273776744
12.256010770230253,15.98716047332984,22.12152797615933
12.172501797083457,15.980569451681001,22.15800081234767
12.079888244516171,15.978225808893802,22.18369220846701
11.970338341082929,15.972632844963288,22.220758312892926
11.851143404752133,15.957835066198673,22.2390489904582
11.742478443667675,15.958762483350643,22.27717441687792
11.615584358954997,15.953084341280215,22.302118733429793
11.483736325778295,15.946943280767007,22.330304520986722
11.346127092536907,15.934318309861894,22.356426369167323
11.210017841199004,15.929249825399813,22.385971053318194
11.06704115832231,15.924986656195353,22.410312358376444
10.922069400988073,15.913522551591148,22.44659885149641
10.760041821480064,15.90990257669732,22.47266116862887
10.592157476170753,15.892466768881413,22.4933879173414
10.42966921814877,15.88935807388077,22.517444348771022
10.260487317861662,15.872800635048623,22.544819804114645
10.098440473657307,15.863874053962986,22.580028786518408
9.91072651221897,15.854794227614562,22.605149855729778
9.733760835360608,15.84699971603458,22.625014917122154
9.559691417613854,15.830808570632138,22.652587048723596
9.37157937596433,15.81609623137138,22.679541441572404
9.181987802213637,15.800664542986791,22.695514975430715
8.993519889342547,15.792596366652319,22.720145246014603
8.802096341213268,15.778162123644186,22.748239492321158
8.619617160872053,15.762601308159768,22.7704303867977
8.42330101563514,15.745605736204624,22.792553608580146
8.24410698620536,15.739968233767183,22.821551218092075
8.049875775439023,15.715177377299947,22.841210563365504
7.861838207442329,15.693301118630204,22.85482224826962
7.679355441702122,15.683051361262578,22.881372336466185
7.499813331010312,15.666923756755825,22.898945390563295
7.324950511778219,15.648929675859625,22.913214527865794
7.152433152431415,15.634794530149733,22.947487879940148
6.9937829534523015,15.612703161208183,22.966031437756065
6.838954598474828,15.59463048616414,22.98808386969214
6.676166564728595,15.574453441453413,22.99414273244384
6.536765255078387,15.554629535929168,23.0133548184527
6.397405724197896,15.527153634842414,23.033994442996637
6.281600114620478,15.509513209640074,23.05034706897057
6.179813913055957,15.49911287783917,23.07814767263612
6.070823667345313,15.47628508395991,23.09148760907361
5.991761009920206,15.449132661738654,23.106613771818665
5.927697698094936,15.430829530521033,23.126670750456064
5.8646398013859296,15.399756491581288,23.138820194642594
5.836822765854726,15.384748941727974,23.1643907754985
5.810404460964831,15.367995965642363,23.17357546862374
5.7920376379992575,15.32787330323421,23.18529922170512
5.812486559124244,15.315759857088382,23.201493486411604
5.837619377794343,15.290209285683437,23.210482545608567
5.879838433154434,15.262047700095815,23.233650165223715
5.938728820210602,15.241039990761784,23.24982795635271
6.011464047967017,15.20665643723169,23.259941960374707
6.100114753018996,15.179914360759748,23.263269331716902
6.194876915645701,15.16047492659778,23.28021477564157
6.316153892995325,15.135960491491776,23.3006952685966
6.435440932834363,15.099658936545556,23.30473986123853
6.573233603029791,15.070491033805101,23.32238624154913
6.720267851804718,15.048498263946474,23.333636664695028
6.877863040218234,15.021840766031305,23.347912112221085
7.035481504488517,14.992351383288748,23.35624969895638
7.194616042569609,14.957703700769045,23.368187777403705
7.3686158808829205,14.922908563681546,23.363809620864487
7.552231458317469,14.902083746912712,23.382955330753212
7.725283166331187,14.865964482669803,23.394567745525887
7.914322459945641,14.839898921488652,23.400931605386997
8.09163765871903,14.798756704534338,23.40102775520767
8.291899661718055,14.770253890844259,23.424542684970394
8.481344233080035,14.739148550713503,23.43024541057989
8.666717948566227,14.705730175683218,23.431316651012164
8.858425367975958,14.67499233389919,23.43416522942518
9.038169062370985,14.633075548222937,23.44250199957334
9.228526426250294,14.60707020589687,23.452368750298977
9.418051815529578,14.574378202859977,23.458220307602193
9.599901041156622,14.529700616323792,23.45330040740535
9.780644150565955,14.49662029577929,23.466405775064914
9.955184578901589,14.4618982156562,23.470954390480163
10.143648258885952,14.422926194084194,23.479050236327705
10.304663992581224,14.387970669972884,23.48111155801616
10.471375267843282,14.348045163017852,23.4837922831897
10.64370706098209,14.320621494893299,23.486559986511434
10.793132075537667,14.271790357204663,23.486789904114186
10.960072992457668,14.243707382560201,23.49381195123516
11.105205986383146,14.201609063764572,23.501051040325834
11.239986654796349,14.158619282966825,23.49305429270532
11.39396770225368,14.1226236939175,23.49796799725457
11.518211666747579,14.085822659681613,23.497159402787393
11.644758477529708,14.041456477160764,23.49996808508471
11.769902293562168,14.003035385229875,23.502361583466456
11.881153142687792,13.957582168842853,23.503184890563237
11.991480308952687,13.911222088659214,23.494416357934924
12.095507430447059,13.877651098078521,23.498238231833465
12.194281446645391,13.836347061273074,23.49660613790851
12.282483462231893,13.793364346670465,23.49857016926775
12.366567834286116,13.75658751289723,23.490604504780205
12.443994535517927,13.712202594769378,23.49093655008246
12.506098512325897,13.660442891795272,23.48135643441409
12.567418191498204,13.617084856899439,23.484041389846002
12.623125603431188,13.578136838314746,23.481635377460403
12.673910209560425,13.533177749516186,23.482849060537777
12.710110149011298,13.480726983364066,23.473887620076912
12.741899387453975,13.438935969785703,23.47685881884542
12.77020360056957,13.398824575312567,23.466593276400392
12.78400563203881,13.355916292040765,23.46001065643407
12.79689415444232,13.300770654364356,23.451364565841363
12.802159974004388,13.251584810882056,23.44620438365238
12.783504996674425,13.208425341425071,23.436492911696494
12.785616919022718,13.161891961264534,23.438383050031415
12.765410295012064,13.111834349167166,23.435872076797143
12.729697561214879,13.058120079092548,23.416705575293893
12.70040156845444,13.019927035125813,23.413622103382465
12.654840970948628,12.968380777876627,23.40790464778939
12.608124364868868,12.922728040162417,23.39926921935811
12.558065137591859,12.87323580146033,23.386562380991354
12.484426298392728,12.809999999999999,23.37744639604591
12.420064412071302,12.773946140484544,23.37192546625117
12.345339201496246,12.723714080409069,23.363109810125877
12.260330338127108,12.66793195434835,23.350554597268133
12.160579755916245,12.609159369283903,23.334528064651316
12.063374320645115,12.565961960789155,23.322096818253716
11.963160117627782,12.50849711196353,23.31310361148854
11.851603267068974,12.45708232291976,23.30074033158603
11.738926697104809,12.411031383410487,23.29871455681622
11.604693016189614,12.350489868827069,23.27939002637311
11.483540394843395,12.305267164917632,23.270247097957512
11.345823019948796,12.245705369638777,23.264573926895803
11.207791932401316,12.191082806707533,23.248298862497442
11.063475945651078,12.131809428110879,23.227726965848383
10.908061239285377,12.089023947366472,23.220131351910997
10.752846134861226,12.029580208801967,23.200484908725507
10.599339602069556,11.975328805506761,23.190364378336103
10.423099347123197,11.916496968488685,23.169663355344635
10.264745491243316,11.863072957712095,23.15482671064502
10.084463297568195,11.801016905334896,23.146839957108618
9.900126261821109,11.746156818295932,23.11436782609466
9.731664811325963,11.684357064040793,23.10205618554331
9.537976724651827,11.627630885094348,23.09031398660486
9.358616350721938,11.56949437097404,23.06290744897529
9.172377009259923,11.520212671648036,23.044272607309612
8.988242319830947,11.463027523302907,23.037712560061166
8.79655046026566,11.404775315629854,23.012383622736692
8.604092049716808,11.335029774993977,22.99541041164519
8.42406077850819,11.283195469369483,22.977060299350743
8.221806370865226,11.223176912086881,22.95338754955355
8.049111752237014,11.163744891388374,22.942101037176172
7.864260931581556,11.113460307213051,22.921016556863268
7.668767828015137,11.045890638604023,22.88979903799944
7.497119446827562,10.98240866112712,22.880039335630524
7.316180697604455,10.92831185499389,22.85546980484103
7.152908499344864,10.865196730846616,22.83944832958975
6.98290770381508,10.798356356409062,22.80856198886725
6.822682756804686,10.747474121857657,22.79040368225188
6.6795583686348605,10.684498116430175,22.766453390899514
6.531722590557562,10.612332448618446,22.7400637642026
6.403381918955015,10.554705111939414,22.719526843664678
6.280326424637498,10.491772967425478,22.696486512233562
6.167333297301194,10.428619275819786,22.667355381693735
6.07424892476428,10.369594977625693,22.65110151846925
5.987428496441523,10.299966019361422,22.619129072535042
5.923039760123174,10.235550791237372,22.59727859721166
5.867580421263947,10.175465591313253,22.572053517569017
5.823134894539195,10.112615883143194,22.54047248839296
5.809595510876811,10.046651183354582,22.51943604977709
5.807340182906458,9.984678262217567,22.49224310734703
5.807624299143325,9.91372785585725,22.460997306442117
5.836925560601232,9.851218198781305,22.43299801631516
5.880450663001945,9.787507343547691,22.40631384230793
5.944854918330639,9.720185183421147,22.375129049907176
6.019609621894098,9.654848522892527,22.357034687095695
6.106889551973246,9.587476205967866,22.32089827941519
6.204643422469982,9.524206003651958,22.288225591105274
6.3131687764545,9.453655377683281,22.260368370716602
6.452239921143664,9.386591500646015,22.235759487816015
6.581709504376503,9.326660710029072,22.203373617538393
6.721673898665421,9.253458812789951,22.17544813526888
6.881860213634101,9.188824734426051,22.140815251476173
7.032304032107828,9.114345835000996,22.109430114772294
7.213355668480516,9.052408519283693,22.08069745275271
7.384937372787937,8.989516116009804,22.055969713435864
7.547661889618532,8.917112761426761,22.01454064930722
7.741401681866146,8.846993839717534,21.986632302378645
7.917758521197777,8.785698606257787,21.95153980931634
8.10530690350464,8.70933407328023,21.92
8.296746350226696,8.649190713587023,21.881791517149594
8.481143790786712,8.582878305090897,21.84667480418931
8.679982718876806,8.51028789172258,21.81504297497486
8.862917126996054,8.440959661081198,21.78629156143835
9.060049668738024,8.367795408588812,21.75070113812426
9.235935253129485,8.29525768135023,21.7083071656912
9.417791673210868,8.228250117734632,21.669116271781828
9.61799355375122,8.166284344792313,21.64407540182763
9.78648557961437,8.093763030877541,21.600412033107144
9.972462083156797,8.018035919101385,21.57092951172944
10.137874530689361,7.955029855380808,21.5248925665147
10.31536717717794,7.876293544555079,21.500523249446744
10.493221621599345,7.8090524393168215,21.459454792701514
10.640488710580918,7.734888493055346,21.411669715367832
10.802615424053565,7.665044031184688,21.37691511888467
10.954232058889385,7.597170525926083,21.33552202314253
11.104490082844867,7.522153946842621,21.297363686616237
11.254781206225202,7.460107237835125,21.26027751465159
11.391505607249641,7.380548760085526,21.226221990735894
11.529895923207635,7.31330978422219,21.18550683840252
11.64732587334964,7.238957107208192,21.13823549873546
11.771953958455663,7.166770541882864,21.103805344060586
11.890710660006828,7.1062296613605165,21.06291765164551
11.998166526598972,7.028015367086216,21.022380930808
12.100785098496708,6.950942382152222,20.984863592599307
12.192805255559527,6.887234568388099,20.940878682615015
12.295446311541522,6.812965580420908,20.90002153108939
12.36729962441276,6.732443835636507,20.858966896756897
12.444086949230144,6.671986211016926,20.81492012956091
12.512593655993149,6.595976046045044,20.77056571208401
12.572040407189279,6.527671866753106,20.72926675017715
12.629647659376726,6.451449449542327,20.68724486247504
12.679514974950736,6.386814542477338,20.642792931190296
12.708552238551803,6.314467515159136,20.597524123059063
12.750862715910639,6.241257886035475,20.555254802604612
12.766769364251868,6.160324666768789,20.50270713832688
12.785354903169484,6.097032064865658,20.46643349487155
12.799406236228304,6.0258194463491845,20.41980411267454
12.79531164137865,5.956257214056492,20.367238398958264
12.799757810208755,5.8847089987526155,20.32660571763028
12.78556216988522,5.805385430787521,20.27540875050365
12.758659804227086,5.736871969985037,20.222250122080872
12.729355836019353,5.669929452823906,20.17681094722355
12.700393694685216,5.600321419347287,20.13433386034909
12.655512632841072,5.527675822622017,20.08109807754546
12.60388828893687,5.447283726776125,20.039263958538996
12.54524611157549,5.385907537267977,19.9918233285511
12.490772594199287,5.312071159161933,19.947343181486602
12.416138691235693,5.244206326986001,19.891958174096384
12.337361954648165,5.1726202257656615,19.847725310473237
12.249448967198484,5.102166206622439,19.792367215671803
12.16395083844061,5.030755410472666,19.753764198248394
12.060149252807777,4.962358310319801,19.70401989442763
11.957733899029531,4.898009799908531,19.649165376676944
11.855686399361279,4.828923275431077,19.591122989762482
11.722670344251773,4.75236783088178,19.551483319687026
11.600974097031681,4.6848265709629,19.498966639286298
11.475765769655634,4.618073191277938,19.44286501521831
11.338699219928184,4.554053139786579,19.396020210342122
11.19933033712284,4.482644308887333,19.345451661824804
11.04523879325386,4.411915683691156,19.283511091085046
10.897453831056133,4.349643663566017,19.23846407590793
10.752604335694679,4.289242357340047,19.182074965967576
10.580982941107127,4.22152815932809,19.13564736297155
10.419769671158765,4.154274906647369,19.077740956413052
10.252580163061396,4.09499694749581,19.022518234976143
10.075420586754678,4.021964694027036,18.97000263574046
9.89663579202549,3.9566778994504963,18.912897715580232
9.715209724962193,3.905790572982632,18.858382751445045
9.543605188816226,3.841054542700481,18.80732038329756
9.35,3.78382082028206,18.750661321670766
9.168991220412417,3.719811823197513,18.690045478810372
8.981876195984889,3.662922330598889,18.63850315878397
8.787855255976853,3.606272313622475,18.58950779337635
8.599982558121848,3.5426120306914783,18.52903667220722
8.409357882739918,3.4861009738675093,18.471193789249245
8.232229345687594,3.44379151517626,18.416003909643372
8.034208112813609,3.3802366781040645,18.355416094439267
7.843322000275138,3.3238832711152777,18.29738779170404
7.666250713353955,3.274522866006589,18.247651903738188
7.492002402562349,3.2321045775160178,18.180827813936308
7.31229786045399,3.1755471969410256,18.127724622798087
7.136672894283443,3.126211765060071,18.07153009570579
6.969103242168249,3.0765727685201916,18.009411428472614
6.817396863906341,3.033891889965758,17.958265506445773
6.661268647937868,2.991471209956733,17.892526372762457
6.527066722502536,2.956010825419961,17.837808161318478
6.3946618362506085,2.9134172375408234,17.77198075623536
6.278232235271327,2.8780027797067884,17.713590827384493
6.164000324464625,2.842569260369921,17.65764706862157
6.072240113829491,2.8142849891224584,17.595294825606075
5.9891234751005085,2.7790106153089806,17.53532719968464
5.909120069858117,2.7439023306233032,17.468786448978076
5.866216838815287,2.7231048455760933,17.417901710596485
5.832752352020443,2.7024803422041765,17.3559932011971
5.808993028055724,2.6820328111341216,17.292385607544148
5.805695479440857,2.654373749116729,17.226192266429628
5.815573918367817,2.6416850682850144,17.166202259090387
5.837096881155906,2.629315500277591,17.10836345183256
5.895710304959022,2.623775905065065,17.04538940593614
5.941826318565698,2.6043233286210827,16.969885090948612
6.020705938675298,2.6068563443350685,16.918871120733794
6.109173430178587,2.5956309444911465,16.85123734329322
6.207326316539191,2.604995201531089,16.782493855205193
6.328230400356801,2.6022490272838987,16.728717822953435
6.453851563214017,2.6060122793264044,16.667633305301624
6.579316073878804,2.616027522790996,16.599159617281835
6.731493147883313,2.6203053257206492,16.532827949265062
6.883320419681188,2.638825496314601,16.465995262965432
7.04418199651315,2.6575928958363804,16.40669375590341
7.2138270009752805,2.676602323842674,16.346941609977076
7.383508651041184,2.6958486604407157,16.272323128551744
7.56257231370385,2.7124896313165885,16.20716199709252
7.737958387068258,2.7459060435491964,16.144240459061553
7.927654129690573,2.7656825558982723,16.07578613940855
8.115103203287067,2.8047994580718245,16.007460760532883
8.300415652242965,2.835507009337131,15.943180360266894
8.49617561023782,2.869442454554543,15.88263517178431
8.683645547809975,2.9087454340316548,15.812526679819388
8.873837952092657,2.9481010837486563,15.745945509876504
9.061042986323375,2.9926743892378274,15.67858411974755
9.240936099768248,3.0235244335047136,15.607312388749063
9.43871283597504,3.068110167513546,15.545446278573028
9.61454107069079,3.117851824574093,15.476808456526172
9.801489682696197,3.171009303045325,15.410129785306808
9.978065944861257,3.2207452553718054,15.345435803521516
10.151497426488369,3.265333061113368,15.273431179666211
10.330304932575805,3.3202409551115415,15.212659202125053
10.486929960670091,3.3614580169920316,15.134397906755327
10.657565388023665,3.4249817517762047,15.067969338965355
10.807909140994848,3.471512638605829,14.99341522135634
10.96606128014977,3.535095472543846,14.930857309612199
11.120364202668902,3.595552808679077,14.86000336473717
11.263223339701652,3.6477116114078973,14.79109529412883
11.395095436195346,3.7029987847689068,14.72369858425525
11.530416297775202,3.769270486446946,14.648535763003753
11.664141631513226,3.821884351991829,14.584491763513737
11.780258910567287,3.8885472865840263,14.512622092509677
11.891564236886584,3.952847075210474,14.432633162385859
12.005132235839804,4.0117951094242095,14.372925937330924
12.102499741788884,4.079129809162733,14.305596806844516
12.202458768625279,4.136326872963499,14.230028109599784
12.291696384144867,4.208004277564366,14.156217715194973
12.366567834286116,4.274119792425102,14.09290956474212
12.450064256862293,4.332666615376724,14.011341834385457
12.514128015966593,4.397863117469665,13.942743632441932
12.568253657529352,4.471386809480924,13.872941288710193
12.632121753688097,4.544029049202922,13.806230477577868
12.675066074778465,4.60327057644888,13.7296212620742
12.71143186269745,4.670685174575568,13.654552354434765
12.750662727874186,4.744449388495993,13.581049296722254
12.770497249520083,4.8124006483251165,13.50913764827348
12.784604022025867,4.873817805375986,13.436681137840548
12.80097652524994,4.950252518811541,13.367920556316902
12.800562487640924,5.013392065258811,13.298454797456733
12.793287302331644,5.0844960418904845,13.218309271612615
12.779186202571744,5.163816418115579,13.151748933126727
12.757511512830392,5.222757892148553,13.07440629627212
12.739803766149617,5.297489971675264,13.001238402552273
12.702897307307495,5.373453265824501,12.936402127330458
12.649019724864058,5.4365062310274235,12.860435451414544
12.608124364868868,5.508475288135547,12.788815425988444
12.546369992950153,5.581755996100153,12.706037934777308
12.487453703617886,5.65022123460666,12.634100680301705
12.413158341050838,5.718059111271936,12.569566420525412
12.331540860735938,5.797283846768243,12.490828635442885
12.25275479229059,5.864128238706927,12.413557105036414
12.15642217101726,5.932528971694954,12.339777145475521
12.054215030436449,6.010831889181398,12.270798670013294
11.954032792325775,6.07698115843714,12.193850909372314
11.833553988553058,6.149943089167574,12.123534963037804
11.723826167254444,6.222877148072264,12.04518576029444
11.600896517080049,6.293933587193306,11.968061664279642
11.460388300576904,6.361768622010706,11.897062662691157
11.332440160883268,6.435666243676717,11.81328912708057
11.194150258058894,6.51168948891146,11.744496583506677
11.044967179670566,6.571651238463587,11.667806134831002
10.899784401537492,6.656613252998857,11.596831463809414
10.735515823657474,6.729465060463573,11.526777520191843
10.578927166778302,6.8002647007304065,11.448851470780813
10.416376529292707,6.869425012328179,11.371974322869358
10.24685805503326,6.940806869521728,11.296167491676105
10.069106216541766,7.01434244958143,11.230124665381055
9.890803809600108,7.083784299369936,11.142786904540534
9.715580270884494,7.158833703893394,11.073666962664175
9.531306311309065,7.226541358077182,10.996908656527069
9.356623322545373,7.300904053608704,10.921158363470424
9.154332307710924,7.3634299073190075,10.849488467204342
8.969827200119298,7.442929530769454,10.7756809529607
8.783951274910397,7.515317691222375,10.69740622767968
8.589883584775755,7.580402363990977,10.62833947519555
8.403719414640163,7.656069487667938,10.546207849269802
8.208105749806101,7.724584131200851,10.473075002118529
8.024618370988119,7.794414666926568,10.398370064582236
7.8476811861848725,7.867146877998402,10.31876930646286
7.6557168181692825,7.942701051909231,10.248063231655042
7.478081304719814,8.000331243142373,10.172104010478854
7.3018148429003595,8.081447890075145,10.102915420807996
7.130610072076582,8.144476655992085,10.028369757841999
6.968966924874877,8.210736873143604,9.946707998126818
6.807826378514658,8.290096501247739,9.873626486757537
6.6644204549232935,8.352640301126344,9.794901735086473
6.517192647144935,8.428125532999612,9.72322991603099
6.392386095973865,8.487196239041488,9.64581774656768
6.268277275296618,8.55949764881094,9.576601693711606
6.1580516399263825,8.626036169643621,9.500447357887943
6.066712454039668,8.704780295906382,9.424972148499961
5.981011620119125,8.76812408671319,9.35757447205204
5.9133915818251035,8.834862760677158,9.28397544158751
5.8705791877803675,8.906722180465719,9.203591690204428
5.820524031390988,8.970406902699565,9.131051418100766
5.802456376397844,9.039513261232598,9.05903416485444
5.805049526059189,9.112156715070258,8.987552503323695
5.811652088692165,9.17150478384,8.909545442950499
5.844997861419626,9.241644875237307,8.846134749143268
5.890076400183618,9.308582061732066,8.762083085659484
5.9441483830738955,9.379317672410929,8.685217326008601
6.027155216186157,9.444342221669014,8.609047566368767
6.112650816135337,9.513127771663743,8.54701117350387
6.212793252636048,9.576309309958614,8.478514020746795
6.322562771534973,9.634028233298883,8.403029215705487
6.454339625399332,9.70878468192595,8.33532842784254
6.595187639483807,9.769406327919828,8.260568987666648
6.7360596790705465,9.83872451082964,8.186165158363226
6.892263779049668,9.90739622706188,8.11865136583657
7.050992837891696,9.97133892714514,8.044936295583701
7.217548060110165,10.025771790740102,7.98446616875543
7.399763509734619,10.103014401652608,7.9037269689685
7.577552375272638,10.170786596915697,7.837378388211201
7.7497354793566995,10.22045987223667,7.762113114352302
7.932364086449889,10.293852534401298,7.696258831406334
8.120098521569796,10.343819410643247,7.629115282914527
8.31531719178529,10.412012293500233,7.555957914123133
8.497087736395335,10.476569094889795,7.489198889066841
8.689453377514607,10.545520375970073,7.422620830946439
8.873268845245253,10.597075068149701,7.362295837576753
9.06625611815594,10.659723260948194,7.288079308020736
9.262791156017714,10.734379348616296,7.222001107726306
9.439173692649161,10.792015567075506,7.162080703259353
9.627652881154368,10.847100995196827,7.094237097813971
9.803004641435196,10.906896900585426,7.020576899372301
9.98821805929366,10.97871121762477,6.961034405891124
10.161594363090863,11.033716508955628,6.899340548197343
10.333077953833504,11.094453569239,6.831873827874752
10.494403270315086,11.144617534935866,6.770288029323422
10.659174452085866,11.215030093584234,6.708748020309005
10.824680133842293,11.2762981514325,6.647255072584472
10.972912102081198,11.328464150095547,6.585810504410219
11.114279103927522,11.385486375205936,6.524415682649289
11.271601483374045,11.450262005735938,6.463072024973883
11.404336894357339,11.5032908334963,6.407440986852708
11.544561490156307,11.564622778110836,6.346179953326253
11.663091356925914,11.622478221102417,6.287972646250937
11.77762709547216,11.671765076456946,6.2323831717891025
11.902928211158802,11.73502876008406,6.176811475186852
12.008151398112865,11.790118744100925,6.112977997670202
12.103718436910205,11.845526581794497,6.071317814115812
12.20020081801935,11.897684648703715,6.013094045497708
12.288612614937456,11.955187158719013,5.9631535281258685
12.378533838867993,12.017957397161965,5.913214016082963
12.450903581668278,12.073131325385306,5.854989325353207
12.516588992213494,12.124174198682564,5.81065400794093
12.574935387507962,12.177397094617552,5.760711761579467
12.626044511247377,12.22648355006459,5.7220013981123765
12.682081848024794,12.287961588481629,5.663788484751175
12.71957546461359,12.345444503945574,5.619475064452195
12.7410242916337,12.388930543029128,5.58082431187365
12.772442992630658,12.447509791118865,5.536533211315543
12.79159489664991,12.499799998399975,5.484022246490253
12.798269414260663,12.546238480118255,5.445456821975545
12.795405425386098,12.60974226540733,5.41512696065383
12.79155971725106,12.647723115248848,5.368444839988579
12.769906029411493,12.70126371665434,5.3439404936806705
12.757154855217522,12.749717643932355,5.297405025104273
12.733895711839327,12.804538257977129,5.267190902179263
12.692359906652506,12.864493771618065,5.228881333516759
12.655512632841072,12.91013942604804,5.19649882132191
12.606069966488366,12.961701277224376,5.164223078063147
12.539226451420358,12.999238439231739,5.1380249123568875
12.480196312558549,13.052731514897562,5.114000391083286
12.404128345030939,13.10214104640917,5.0820665088131225
12.32707994619975,13.14744461863217,5.064266975584916
12.247905943466417,13.198564315864056,5.040486087670514
12.151991606317049,13.246965690300552,5.022917478916013
12.05275072338261,13.291659038660297,4.9976394427769595
11.950702908197494,13.342507260631338,4.980381511490862
11.836405704435785,13.387591269530153,4.963265054377008
11.716624940655905,13.430893492243918,4.954038756408754
11.5850334483764,13.470638440697606,4.943541240851542
11.46616762479949,13.52618941165619,4.926865129065337
11.32940422087587,13.568585040452819,4.916797738365897
11.186299656275974,13.61714360649839,4.9080546044232225
11.038405681981434,13.656214702471546,4.90493628908674
10.886119602502998,13.694999087258093,4.903060268852505
10.7283036869768,13.743336567224132,4.901346753699436
10.569243113865818,13.779441207828421,4.899795914117241
10.406867924596718,13.822000578787426,4.905150354474366
10.23610277400535,13.87095526631097,4.903967781297099
10.062375465067879,13.912817831050617,4.902948092729516
9.891597444295842,13.956575511206179,4.916228229039005
9.70051545022222,13.993316261701514,4.92967544570634
9.526935498889452,14.02777601760165,4.9361118301756495
9.333943432440545,14.06874905597509,4.9499292924242875
9.147382139169656,14.11617866138,4.956863927928625
8.968751306620113,14.156118818376738,4.970965700947855
8.765842800324451,14.18592612415559,4.999369960304999
8.590471465525043,14.236365406942884,4.999649987749143
8.397737790619567,14.273345788566886,5.028369517050233
8.209908647482017,14.31501659097886,5.050009900980394
8.016264716187958,14.349334479340845,5.071735403192875
7.835023931041947,14.3827744194227,5.1013037549238325
7.656794368402483,14.416299802653938,5.123280199247354
7.471017333670161,14.463239609437437,5.1521063653616475
7.296471750099496,14.495695912925326,5.188342702636363
7.133582550163697,14.527938601191844,5.2112378567860445
6.962083021625067,14.566166276683786,5.240229002629561
6.801191072157876,14.597184660063734,5.283370136570028
6.650864605447927,14.635989887944035,5.313266415304243
6.511098217658829,14.666321965646329,5.3489905589746565
6.382546513735719,14.690983629423865,5.393153066620676
6.2547981582142205,14.728723637844524,5.436441851063984
6.157962325315087,14.773225781798638,5.465647262676216
6.062342781466586,14.796678681379818,5.5165568971959305
5.978202070857089,14.827009138730576,5.552341848265469
5.915817779479014,14.858970354637634,5.6033204441652265
5.855681002240474,14.894455344187648,5.645617769562512
5.825195275696775,14.926788000102366,5.682543444620551
5.808588468810646,14.95747639142379,5.740078396677174
5.801663554533302,14.97276527565967,5.789991364414976
5.819218160543563,15.017329989049317,5.825813247950881
5.846238106680227,15.046414855373355,5.882184968189967
5.894073294420421,15.069253465251688,5.932099122570357
5.952780862756498,15.099119179607797,5.988472259266132
6.029593684486541,15.132511358000032,6.038385545822659
6.119231977952788,15.154332713781889,6.094760044497241
6.214217569412902,15.173641619598111,6.151138106074355
6.33852506502893,15.206538067555023,6.207519633476804
6.463072024973883,15.230118187328685,6.263904533116703
6.601704325399617,15.255490814785345,6.319185074042379
6.749992592588529,15.290526478836496,6.375586247554023
6.892902146411189,15.310940532834683,6.438509144204116
7.062081846028123,15.328695313039526,6.493889435461616
7.231355336311443,15.353517512283627,6.556866629724903
7.39303050176313,15.37409834754546,6.626439466259388
7.5816950611324385,15.402042072400661,6.675357668320103
7.758898117645315,15.427352332788669,6.7450129725598
7.942040040191184,15.439951424794055,6.807238794107344
8.13605555536588,15.470184226440226,6.869556026411023
8.31534725672957,15.48653931645156,6.9319622041670135
8.512308735002508,15.510390066017038,6.99445494659877
8.7,15.53155819613731,7.0570319540157955
8.88708051049387,15.550086816477906,7.126464761717411
9.074447641592297,15.56603995883346,7.189228053136164
9.264129748659613,15.58860160501897,7.258897987986881
9.45562266590625,15.60915756855571,7.321427456445908
9.62997923154562,15.627162250389542,7.391380114701178
9.818564049798729,15.64266281679689,7.454247111546544
9.991621490028532,15.665586487584816,7.524466758515184
10.160241138870672,15.674386750364432,7.594656015910133
10.345264617205304,15.702139981543917,7.658048054171507
10.507720970790956,15.717824276915684,7.728680353074514
10.668031683492508,15.728884257950403,7.806663820096265
10.82560390925144,15.747164824183432,7.863650551747578
10.975759654802943,15.756424086701907,7.942197428923559
11.133103790048848,15.767269896846443,8.006897026938713
11.272799120005642,15.791760509835502,8.078737525133493
11.40417905857322,15.798253067981916,8.158094140177594
11.544990255517758,15.815720027871002,8.223588024700653
11.671615141016257,15.827678288365606,8.296746350226696
11.795973889425154,15.842869058349248,8.36356981198818
11.904990550185246,15.851299631260522,8.444939312985026
12.00940048462037,15.853974265148786,8.512608295933743
12.115696430663819,15.877660406999516,8.58720559902929
12.205769127752664,15.881741088432339,8.66326151053978
12.298373876248844,15.89818857606111,8.73212459828649
12.37604541038857,15.9,8.809086218218095
12.452124316758164,15.912416535523445,8.872440475990807
12.522831149544418,15.923658499226866,8.950318430089512
12.580608093411065,15.925934823425592,9.022444236458321
12.631468639869237,15.938008031118569,9.095108575492654
12.670477496921732,15.94149930213592,9.1682986426054
12.71471981602426,15.944936500343925,9.25
12.743978970478569,15.957405804202638,9.324247958950899
12.772067178025646,15.96306988019535,9.393103853359655
12.791798153504455,15.968684980298159,9.462557793746889
12.788995269371242,15.967698644450927,9.540780890472226
12.799800779699659,15.974232375923421,9.611435896888663
12.794725475757579,15.981429848420948,9.690923588595671
12.774368868950043,15.981567507600747,9.765500499206377
12.758953718859553,15.988924291521302,9.832461543275926
12.722774854566907,15.990762958658351,9.913889246910115
12.69710596947194,15.99880308023072,9.982108995598075
12.653299964831309,15.99405514558456,10.05418320899316
12.603491579717106,15.99696533721318,10.132285033495652
12.540291065202593,15.993623729474193,10.214538658206743
12.480645015382818,16.00352461178474,10.294085680622636
12.405966306580071,15.998553059573855,10.355660287977777
12.330210865999007,16.004330663917187,10.440407080186096
12.238696826051378,16.00057811455574,10.512416468158024
12.15281448883344,15.99951561766793,10.590042492832595
12.046812856519352,15.98844895541778,10.659085326612225
11.94797053896602,15.998153018395591,10.733708585572835
11.830612832816398,15.988561536298379,10.809167405494282
11.712087772895147,15.986597511665828,10.890018365457426
11.590138049220984,15.992263754703398,10.958193281741291
11.456705460122471,15.98686022957604,11.036706936400913
11.325899522775222,15.975985102647035,11.111444550552372
11.17549551474117,15.972679800208855,11.192162436276558
11.034219501169986,15.964451133690755,11.268806502908815
10.88310617425007,15.957195868948904,11.338540470448566
10.720041977529753,15.957271069954288,11.413259832317847
10.564549209502506,15.942904377810214,11.488972974117399
10.395638508528467,15.947968522667708,11.556340251134873
10.223746866975924,15.936831554609594,11.636240801908494
10.056023070777035,15.925416792034046,11.702157920657196
9.87332264235298,15.921413253854068,11.787947234357643
9.702010101004843,15.914904963586807,11.85595630896133
9.515907733894858,15.90477915596441,11.931274030882033
9.331205709874796,15.893256431581289,12.007801630606663
9.146873782883418,15.8884266055516,12.085516124684126
8.949860334105777,15.871726434134377,12.151942231594093
8.765774352560076,15.852299517735592,12.229251816852901
8.57,15.850201891458672,12.298235645815216
8.390566131078403,15.835570719112084,12.38069464933208
8.197804584155444,15.818267920350825,12.449566257504715
8.003755368575428,15.809016414691964,12.529537102383312
7.823784250604051,15.796689526606517,12.603463809604088
7.641570519206115,15.791776340868054,12.67634805454631
7.46625742926133,15.773119539266798,12.748466574455142
7.290500668678386,15.753259980080314,12.824059419700145
7.115012297951424,15.739256653349296,12.90092244763916
6.954861608975407,15.72466215853301,12.965631492526693
6.796918419401545,15.703658809334849,13.043465797095495
6.648308055437863,15.692077618977036,13.112821969355032
6.511167330056877,15.67829710140741,13.193411234400298
6.37410385858279,15.659671133200721,13.264075542607559
6.255853259148588,15.638813893642958,13.334984064482416
6.149666657632753,15.625405594735772,13.409880685524387
6.062878854141817,15.603185572183648,13.475028756926644
5.9767884352719065,15.582121164976225,13.55059039304192
5.910439915945343,15.568461709494615,13.627765774329996
5.864094132941592,15.553083295604122,13.69655431121273
5.825607264483249,15.527771894254501,13.766887810976016
5.8035937142429255,15.50497339565599,13.838226042379855
5.796869845011186,15.480545856009083,13.911682141279679
5.818470589424682,15.467840831867905,13.986307589925225
5.848598122627337,15.440116579870763,14.052594066577173
5.889864175004377,15.414571028737711,14.120428463754209
5.956047347024703,15.396064432185259,14.190056377618802
6.032992623897365,15.376309700314962,14.261265722228167
6.114351968933421,15.349951139987386,14.334273612569282
6.22745533906105,15.324920880709302,14.399034689867234
6.340954186871248,15.304966514174412,14.475513807806617
6.469327631214854,15.28631086953291,14.553686818122754
6.607647085006886,15.25437969895859,14.613572458505828
6.749059193695073,15.228397814609387,14.685884379226195
6.911765331664552,15.203815310638312,14.760044037874685
7.066144634806168,15.17139743069174,14.826075003182737
7.233615969900531,15.153313169072959,14.893921578952938
7.414425129435188,15.121144136605537,14.963559068617332
7.5892357981551735,15.095711311495062,15.034962587249758
7.766556508517787,15.063817577227892,15.111005922836506
7.956437645077098,15.038154807023366,15.166321241487667
8.141603036257663,15.005292399683519,15.234923695247048
8.334794538559425,14.979389173127187,15.315279951734478
8.510587523784713,14.946497917572529,15.377844452328162
8.712864052652263,14.92072719407469,15.452109888296807
8.891349728809457,14.885516450563614,15.51077045152819
9.081371041863667,14.851612707042962,15.579078920141589
9.275025606433655,14.821511393916614,15.641822144494547
9.45985729279253,14.792934124101278,15.704196891277185
9.643054495334972,14.75773017777463,15.773503098551064
9.815925835090646,14.72550508471611,15.842389339995403
9.99646437496778,14.695444872476642,15.91327119105308
10.178924304660095,14.654354301708418,15.976545308670458
10.344239943079435,14.62406920114918,16.041826579289527
10.50724036081787,14.583182094453873,16.102676796110636
10.668655023010164,14.549343627806719,16.175243429389248
10.830166203710819,14.516700727093603,16.24663965255585
10.986027489497738,14.477914214416383,16.304563778279995
11.138491818913367,14.449086476313996,16.37056199401841
11.280682603459773,14.414333144478102,16.4457532512196
11.412190850139162,14.369808627814082,16.497239162962995
11.54913849600913,14.338772611349968,16.563846171707823
11.674116668939027,14.295069079931023,16.62341120227735
11.80069913183113,14.267827444989654,16.694325383195334
11.902373712835603,14.2178936555314,16.75330713620448
12.0146618762244,14.186053009910825,16.819527341753695
12.124343281184347,14.149222593485481,16.892252662093355
12.216501135758962,14.1103685281427,16.949395269448406
12.300455276126977,14.066872431354456,17.017667290201675
12.38223323960585,14.02088798899699,17.06594562278926
12.455958413546506,13.99120437989525,17.13413551948274
12.522371979780827,13.947587605030485,17.191858538273284
12.584343447315797,13.901039529474046,17.255770049464616
12.629319063195767,13.860707052672312,17.318319779932462
12.683552341516945,13.81638520018894,17.37813856545056
12.723305388145016,13.778824333011869,17.44547219194711
12.749278410953304,13.737179477607475,17.506781543162067
12.770015661697522,13.691855243172855,17.565107457684398
12.786907366521428,13.652900790674485,17.631293202712044
12.798394430552607,13.599183799037354,17.686017075644816
12.80378850184585,13.561511715144443,17.743102885346744
12.794530081249565,13.520166419094108,17.808394088182123
12.774838550838913,13.463509943547411,17.862197513184093
12.75571244580247,13.422704645487809,17.918429060606847
12.728079195228162,13.3782659563936,17.983214395652407
12.694006459743118,13.340052473659915,18.044323207036612
12.644437512202748,13.283267670268485,18.100046961265047
12.597400525505252,13.235274836587264,18.15824881424418
12.542507723736907,13.193513557805593,18.217829179131087
12.471299050219265,13.141765482613057,18.266964717763045
12.401778098321225,13.095709220962416,18.332607561391807
12.324613584206201,13.046168019767338,18.38591852478412
12.228532209549925,12.99344834907193,18.441900661265908
12.144154972660717,12.951775940001435,18.49357996711291
12.049107850791277,12.89786416427154,18.554746023591914
